{
    "json_template": "{\"sections\":[{\"name\":\"Student's Personal Data\",\"id\":0,\"fields\":[{\"id\":1,\"field_name\":\"fname\",\"is_field_integrated_with_applicant\":true,\"field_type\":\"input\",\"field_label\":\"First Name\",\"field_choices\":null,\"helptext\":\"\",\"required\":true,\"$$hashKey\":\"object:9\"},{\"id\":2,\"field_name\":\"mname\",\"is_field_integrated_with_applicant\":true,\"field_type\":\"input\",\"field_label\":\"Middle Name\",\"field_choices\":null,\"helptext\":\"\",\"required\":false,\"$$hashKey\":\"object:10\"},{\"id\":3,\"field_name\":\"lname\",\"is_field_integrated_with_applicant\":true,\"field_type\":\"input\",\"field_label\":\"Last Name\",\"field_choices\":null,\"helptext\":\"\",\"required\":true,\"$$hashKey\":\"object:11\"},{\"id\":4,\"field_name\":\"bday\",\"is_field_integrated_with_applicant\":true,\"field_type\":\"input\",\"field_label\":\"Birth Date\",\"field_choices\":null,\"helptext\":\"\",\"required\":true,\"$$hashKey\":\"object:12\"},{\"id\":5,\"field_name\":\"street\",\"is_field_integrated_with_applicant\":true,\"field_type\":\"input\",\"field_label\":\"Street\",\"field_choices\":null,\"helptext\":\"\",\"required\":true,\"$$hashKey\":\"object:13\"},{\"id\":8,\"field_name\":\"city\",\"is_field_integrated_with_applicant\":true,\"field_type\":\"input\",\"field_label\":\"City\",\"field_choices\":null,\"helptext\":\"\",\"required\":true,\"$$hashKey\":\"object:16\"},{\"id\":6,\"field_name\":\"state\",\"is_field_integrated_with_applicant\":true,\"field_type\":\"multiple\",\"field_label\":\"State\",\"field_choices\":\"[{u'display_name': u'---------', u'value': u''}, {u'display_name': u'Alabama', u'value': u'AL'}, {u'display_name': u'Alaska', u'value': u'AK'}, {u'display_name': u'American Samoa', u'value': u'AS'}, {u'display_name': u'Arizona', u'value': u'AZ'}, {u'display_name': u'Arkansas', u'value': u'AR'}, {u'display_name': u'Armed Forces Americas', u'value': u'AA'}, {u'display_name': u'Armed Forces Europe', u'value': u'AE'}, {u'display_name': u'Armed Forces Pacific', u'value': u'AP'}, {u'display_name': u'California', u'value': u'CA'}, {u'display_name': u'Colorado', u'value': u'CO'}, {u'display_name': u'Connecticut', u'value': u'CT'}, {u'display_name': u'Delaware', u'value': u'DE'}, {u'display_name': u'District of Columbia', u'value': u'DC'}, {u'display_name': u'Florida', u'value': u'FL'}, {u'display_name': u'Georgia', u'value': u'GA'}, {u'display_name': u'Guam', u'value': u'GU'}, {u'display_name': u'Hawaii', u'value': u'HI'}, {u'display_name': u'Idaho', u'value': u'ID'}, {u'display_name': u'Illinois', u'value': u'IL'}, {u'display_name': u'Indiana', u'value': u'IN'}, {u'display_name': u'Iowa', u'value': u'IA'}, {u'display_name': u'Kansas', u'value': u'KS'}, {u'display_name': u'Kentucky', u'value': u'KY'}, {u'display_name': u'Louisiana', u'value': u'LA'}, {u'display_name': u'Maine', u'value': u'ME'}, {u'display_name': u'Maryland', u'value': u'MD'}, {u'display_name': u'Massachusetts', u'value': u'MA'}, {u'display_name': u'Michigan', u'value': u'MI'}, {u'display_name': u'Minnesota', u'value': u'MN'}, {u'display_name': u'Mississippi', u'value': u'MS'}, {u'display_name': u'Missouri', u'value': u'MO'}, {u'display_name': u'Montana', u'value': u'MT'}, {u'display_name': u'Nebraska', u'value': u'NE'}, {u'display_name': u'Nevada', u'value': u'NV'}, {u'display_name': u'New Hampshire', u'value': u'NH'}, {u'display_name': u'New Jersey', u'value': u'NJ'}, {u'display_name': u'New Mexico', u'value': u'NM'}, {u'display_name': u'New York', u'value': u'NY'}, {u'display_name': u'North Carolina', u'value': u'NC'}, {u'display_name': u'North Dakota', u'value': u'ND'}, {u'display_name': u'Northern Mariana Islands', u'value': u'MP'}, {u'display_name': u'Ohio', u'value': u'OH'}, {u'display_name': u'Oklahoma', u'value': u'OK'}, {u'display_name': u'Oregon', u'value': u'OR'}, {u'display_name': u'Pennsylvania', u'value': u'PA'}, {u'display_name': u'Puerto Rico', u'value': u'PR'}, {u'display_name': u'Rhode Island', u'value': u'RI'}, {u'display_name': u'South Carolina', u'value': u'SC'}, {u'display_name': u'South Dakota', u'value': u'SD'}, {u'display_name': u'Tennessee', u'value': u'TN'}, {u'display_name': u'Texas', u'value': u'TX'}, {u'display_name': u'Utah', u'value': u'UT'}, {u'display_name': u'Vermont', u'value': u'VT'}, {u'display_name': u'Virgin Islands', u'value': u'VI'}, {u'display_name': u'Virginia', u'value': u'VA'}, {u'display_name': u'Washington', u'value': u'WA'}, {u'display_name': u'West Virginia', u'value': u'WV'}, {u'display_name': u'Wisconsin', u'value': u'WI'}, {u'display_name': u'Wyoming', u'value': u'WY'}]\",\"helptext\":\"\",\"required\":true,\"choices\":[{\"display_name\":\"---------\",\"value\":\"\"},{\"display_name\":\"Alabama\",\"value\":\"AL\"},{\"display_name\":\"Alaska\",\"value\":\"AK\"},{\"display_name\":\"American Samoa\",\"value\":\"AS\"},{\"display_name\":\"Arizona\",\"value\":\"AZ\"},{\"display_name\":\"Arkansas\",\"value\":\"AR\"},{\"display_name\":\"Armed Forces Americas\",\"value\":\"AA\"},{\"display_name\":\"Armed Forces Europe\",\"value\":\"AE\"},{\"display_name\":\"Armed Forces Pacific\",\"value\":\"AP\"},{\"display_name\":\"California\",\"value\":\"CA\"},{\"display_name\":\"Colorado\",\"value\":\"CO\"},{\"display_name\":\"Connecticut\",\"value\":\"CT\"},{\"display_name\":\"Delaware\",\"value\":\"DE\"},{\"display_name\":\"District of Columbia\",\"value\":\"DC\"},{\"display_name\":\"Florida\",\"value\":\"FL\"},{\"display_name\":\"Georgia\",\"value\":\"GA\"},{\"display_name\":\"Guam\",\"value\":\"GU\"},{\"display_name\":\"Hawaii\",\"value\":\"HI\"},{\"display_name\":\"Idaho\",\"value\":\"ID\"},{\"display_name\":\"Illinois\",\"value\":\"IL\"},{\"display_name\":\"Indiana\",\"value\":\"IN\"},{\"display_name\":\"Iowa\",\"value\":\"IA\"},{\"display_name\":\"Kansas\",\"value\":\"KS\"},{\"display_name\":\"Kentucky\",\"value\":\"KY\"},{\"display_name\":\"Louisiana\",\"value\":\"LA\"},{\"display_name\":\"Maine\",\"value\":\"ME\"},{\"display_name\":\"Maryland\",\"value\":\"MD\"},{\"display_name\":\"Massachusetts\",\"value\":\"MA\"},{\"display_name\":\"Michigan\",\"value\":\"MI\"},{\"display_name\":\"Minnesota\",\"value\":\"MN\"},{\"display_name\":\"Mississippi\",\"value\":\"MS\"},{\"display_name\":\"Missouri\",\"value\":\"MO\"},{\"display_name\":\"Montana\",\"value\":\"MT\"},{\"display_name\":\"Nebraska\",\"value\":\"NE\"},{\"display_name\":\"Nevada\",\"value\":\"NV\"},{\"display_name\":\"New Hampshire\",\"value\":\"NH\"},{\"display_name\":\"New Jersey\",\"value\":\"NJ\"},{\"display_name\":\"New Mexico\",\"value\":\"NM\"},{\"display_name\":\"New York\",\"value\":\"NY\"},{\"display_name\":\"North Carolina\",\"value\":\"NC\"},{\"display_name\":\"North Dakota\",\"value\":\"ND\"},{\"display_name\":\"Northern Mariana Islands\",\"value\":\"MP\"},{\"display_name\":\"Ohio\",\"value\":\"OH\"},{\"display_name\":\"Oklahoma\",\"value\":\"OK\"},{\"display_name\":\"Oregon\",\"value\":\"OR\"},{\"display_name\":\"Pennsylvania\",\"value\":\"PA\"},{\"display_name\":\"Puerto Rico\",\"value\":\"PR\"},{\"display_name\":\"Rhode Island\",\"value\":\"RI\"},{\"display_name\":\"South Carolina\",\"value\":\"SC\"},{\"display_name\":\"South Dakota\",\"value\":\"SD\"},{\"display_name\":\"Tennessee\",\"value\":\"TN\"},{\"display_name\":\"Texas\",\"value\":\"TX\"},{\"display_name\":\"Utah\",\"value\":\"UT\"},{\"display_name\":\"Vermont\",\"value\":\"VT\"},{\"display_name\":\"Virgin Islands\",\"value\":\"VI\"},{\"display_name\":\"Virginia\",\"value\":\"VA\"},{\"display_name\":\"Washington\",\"value\":\"WA\"},{\"display_name\":\"West Virginia\",\"value\":\"WV\"},{\"display_name\":\"Wisconsin\",\"value\":\"WI\"},{\"display_name\":\"Wyoming\",\"value\":\"WY\"}],\"$$hashKey\":\"object:14\"},{\"id\":7,\"field_name\":\"zip\",\"is_field_integrated_with_applicant\":true,\"field_type\":\"input\",\"field_label\":\"Zip Code\",\"field_choices\":null,\"helptext\":\"\",\"required\":true,\"$$hashKey\":\"object:15\"},{\"id\":11,\"field_name\":\"email\",\"is_field_integrated_with_applicant\":true,\"field_type\":\"input\",\"field_label\":\"Student Email\",\"field_choices\":null,\"helptext\":\"Please enter student email here\",\"required\":false,\"$$hashKey\":\"object:19\"},{\"id\":64,\"field_name\":\"sex\",\"is_field_integrated_with_applicant\":true,\"field_type\":\"multiple\",\"field_label\":\"Gender\",\"field_choices\":\"[{u'display_name': u'---------', u'value': u''}, {u'display_name': u'Male', u'value': u'M'}, {u'display_name': u'Female', u'value': u'F'}]\",\"helptext\":\"\",\"required\":true,\"choices\":[{\"display_name\":\"---------\",\"value\":\"\"},{\"display_name\":\"Male\",\"value\":\"M\"},{\"display_name\":\"Female\",\"value\":\"F\"}],\"$$hashKey\":\"object:36\"},{\"id\":12,\"field_name\":\"family_preferred_language\",\"is_field_integrated_with_applicant\":true,\"field_type\":\"input\",\"field_label\":\"Language Spoken at Home\",\"field_choices\":null,\"helptext\":\"\",\"required\":true,\"$$hashKey\":\"object:20\",\"custom_option\":\"integrated\"},{\"id\":65,\"field_name\":\"\",\"is_field_integrated_with_applicant\":false,\"field_type\":\"input\",\"field_label\":\"Other Languages Spoken\",\"field_choices\":\"\",\"helptext\":\"\",\"required\":false,\"$$hashKey\":\"object:37\"},{\"id\":67,\"field_name\":\"ethnicity\",\"is_field_integrated_with_applicant\":true,\"field_type\":\"input\",\"field_label\":\"Ethnicity\",\"field_choices\":\"Hispanic/Latino, Non-Hispanic/Latino\",\"helptext\":\"\",\"required\":true,\"$$hashKey\":\"object:39\",\"custom_option\":\"integrated\"},{\"id\":66,\"field_name\":\"\",\"is_field_integrated_with_applicant\":false,\"field_type\":\"multiple\",\"field_label\":\"Race\",\"field_choices\":\"Black/African-American, Caucasian, Asian, Native American Indian/Alaskan, Pacific Islander/Native Hawaiian, Multi-racial\",\"helptext\":\"\",\"required\":false,\"choices\":[{\"display_name\":\"Black/African-American\",\"value\":\"Black/African-American\"},{\"display_name\":\" Caucasian\",\"value\":\" Caucasian\"},{\"display_name\":\" Asian\",\"value\":\" Asian\"},{\"display_name\":\" Native American Indian/Alaskan\",\"value\":\" Native American Indian/Alaskan\"},{\"display_name\":\" Pacific Islander/Native Hawaiian\",\"value\":\" Pacific Islander/Native Hawaiian\"},{\"display_name\":\" Multi-racial\",\"value\":\" Multi-racial\"}],\"$$hashKey\":\"object:38\",\"custom_option\":\"custom\"},{\"id\":16,\"field_name\":\"religion\",\"is_field_integrated_with_applicant\":true,\"field_type\":\"input\",\"field_label\":\"religion\",\"field_choices\":null,\"helptext\":\"Students of all faith traditions are welcome to apply\",\"required\":true,\"$$hashKey\":\"object:24\",\"custom_option\":\"integrated\"},{\"id\":68,\"field_name\":\"heard_about_us\",\"is_field_integrated_with_applicant\":true,\"field_type\":\"input\",\"field_label\":\"How did you hear about Cristo Rey Atlanta Jesuit High School?\",\"field_choices\":\"Friend, Current School, Church, Television, Radio, Other\",\"helptext\":\"\",\"required\":true,\"$$hashKey\":\"object:40\",\"custom_option\":\"integrated\"},{\"id\":69,\"field_name\":\"\",\"is_field_integrated_with_applicant\":false,\"field_type\":\"input\",\"field_label\":\"Other: Please Explain\",\"field_choices\":\"\",\"helptext\":\"If you chose other above, please explain here\",\"required\":false,\"$$hashKey\":\"object:41\"},{\"id\":70,\"field_name\":\"\",\"is_field_integrated_with_applicant\":false,\"field_type\":\"multiple\",\"field_label\":\"Will the applicant be authorized to work in the U.S. by the first day of the work study program?\",\"field_choices\":\"Yes, No\",\"helptext\":\"\",\"required\":true,\"choices\":[{\"display_name\":\"Yes\",\"value\":\"Yes\"},{\"display_name\":\" No\",\"value\":\" No\"}],\"$$hashKey\":\"object:42\"},{\"id\":71,\"field_name\":\"lives_with\",\"is_field_integrated_with_applicant\":true,\"field_type\":\"multiple\",\"field_label\":\"Student Lives With\",\"field_choices\":\"[{u'display_name': u'---------', u'value': u''}, {u'display_name': u'Both Parents', u'value': u'Both Parents'}, {u'display_name': u'Mother', u'value': u'Mother'}, {u'display_name': u'Father', u'value': u'Father'}, {u'display_name': u'Guardian(s)', u'value': u'Guardian(s)'}]\",\"helptext\":\"\",\"required\":true,\"choices\":[{\"display_name\":\"---------\",\"value\":\"\"},{\"display_name\":\"Both Parents\",\"value\":\"Both Parents\"},{\"display_name\":\"Mother\",\"value\":\"Mother\"},{\"display_name\":\"Father\",\"value\":\"Father\"},{\"display_name\":\"Guardian(s)\",\"value\":\"Guardian(s)\"}],\"$$hashKey\":\"object:43\",\"custom_option\":\"integrated\"},{\"id\":72,\"field_name\":\"\",\"is_field_integrated_with_applicant\":false,\"field_type\":\"multiple\",\"field_label\":\"Parents' Current Marital Status\",\"field_choices\":\"Single Parent, Married, Divorced, Separated, Mother Deceased, Father Deceased\",\"helptext\":\"\",\"required\":true,\"choices\":[{\"display_name\":\"Single Parent\",\"value\":\"Single Parent\"},{\"display_name\":\" Married\",\"value\":\" Married\"},{\"display_name\":\" Divorced\",\"value\":\" Divorced\"},{\"display_name\":\" Separated\",\"value\":\" Separated\"},{\"display_name\":\" Mother Deceased\",\"value\":\" Mother Deceased\"},{\"display_name\":\" Father Deceased\",\"value\":\" Father Deceased\"}],\"$$hashKey\":\"object:44\"}],\"$$hashKey\":\"005\"},{\"name\":\"Student Backgound\",\"id\":1,\"fields\":[{\"id\":15,\"field_name\":\"present_school\",\"is_field_integrated_with_applicant\":true,\"field_type\":\"input\",\"field_label\":\"Present School\",\"field_choices\":null,\"helptext\":\"\",\"required\":false,\"$$hashKey\":\"object:23\"},{\"id\":132,\"field_name\":\"present_school_typed\",\"is_field_integrated_with_applicant\":true,\"field_type\":\"input\",\"field_label\":\"If the student's present school is not listed above, please type it here\",\"field_choices\":null,\"helptext\":\"\",\"required\":false,\"$$hashKey\":\"object:104\"},{\"id\":73,\"field_name\":\"\",\"is_field_integrated_with_applicant\":false,\"field_type\":\"textarea\",\"field_label\":\"List all schools the student has attended in the last three years\",\"field_choices\":\"\",\"helptext\":\"Please list the school name, school City/State, and years attended.\",\"required\":true,\"$$hashKey\":\"object:45\"},{\"id\":74,\"field_name\":\"\",\"is_field_integrated_with_applicant\":false,\"field_type\":\"textarea\",\"field_label\":\"Describe the applicant\u2019s personal strengths and weaknesses\",\"field_choices\":\"\",\"helptext\":\"\",\"required\":true,\"$$hashKey\":\"object:46\"},{\"id\":75,\"field_name\":\"\",\"is_field_integrated_with_applicant\":false,\"field_type\":\"textarea\",\"field_label\":\"Has the applicant experienced any behavioral issues or demonstrated any violent, disruptive or disrespectful behavior in school?  Please explain\",\"field_choices\":\"\",\"helptext\":\"\",\"required\":true,\"$$hashKey\":\"object:47\"},{\"id\":76,\"field_name\":\"\",\"is_field_integrated_with_applicant\":false,\"field_type\":\"textarea\",\"field_label\":\"Does the applicant suffer from any serious illness, physical or emotional limitation, depression, or other mental illness? Please explain\",\"field_choices\":\"\",\"helptext\":\"\",\"required\":true,\"$$hashKey\":\"object:48\"},{\"id\":77,\"field_name\":\"\",\"is_field_integrated_with_applicant\":false,\"field_type\":\"multiple\",\"field_label\":\"Has the applicant ever been arrested or convicted of a crime?\",\"field_choices\":\"Yes, No\",\"helptext\":\"\",\"required\":true,\"choices\":[{\"display_name\":\"Yes\",\"value\":\"Yes\"},{\"display_name\":\" No\",\"value\":\" No\"}],\"$$hashKey\":\"object:49\"},{\"id\":78,\"field_name\":\"\",\"is_field_integrated_with_applicant\":false,\"field_type\":\"multiple\",\"field_label\":\"Has the applicant ever had a psycho-educational evaluation?\",\"field_choices\":\"Yes, No\",\"helptext\":\"\",\"required\":true,\"choices\":[{\"display_name\":\"Yes\",\"value\":\"Yes\"},{\"display_name\":\" No\",\"value\":\" No\"}],\"$$hashKey\":\"object:50\"},{\"id\":79,\"field_name\":\"\",\"is_field_integrated_with_applicant\":false,\"field_type\":\"multiple\",\"field_label\":\"Has the applicant been tested for, or diagnosed with, a learning disability?\",\"field_choices\":\"Yes, No\",\"helptext\":\"\",\"required\":true,\"choices\":[{\"display_name\":\"Yes\",\"value\":\"Yes\"},{\"display_name\":\" No\",\"value\":\" No\"}],\"$$hashKey\":\"object:51\"},{\"id\":80,\"field_name\":\"\",\"is_field_integrated_with_applicant\":false,\"field_type\":\"multiple\",\"field_label\":\"Has the applicant been tested for, or diagnosed with, ADD or ADHD?\",\"field_choices\":\"Yes, No\",\"helptext\":\"\",\"required\":true,\"choices\":[{\"display_name\":\"Yes\",\"value\":\"Yes\"},{\"display_name\":\" No\",\"value\":\" No\"}],\"$$hashKey\":\"object:52\"},{\"id\":81,\"field_name\":\"\",\"is_field_integrated_with_applicant\":false,\"field_type\":\"multiple\",\"field_label\":\"Has the applicant now or ever been enrolled in special education classes?\",\"field_choices\":\"Yes, No\",\"helptext\":\"\",\"required\":true,\"choices\":[{\"display_name\":\"Yes\",\"value\":\"Yes\"},{\"display_name\":\" No\",\"value\":\" No\"}],\"$$hashKey\":\"object:53\"},{\"id\":82,\"field_name\":\"\",\"is_field_integrated_with_applicant\":false,\"field_type\":\"multiple\",\"field_label\":\"Does the applicant currently have, or ever had, an Individual Education Plan (IEP) or 504 plan?\",\"field_choices\":\"Yes, No\",\"helptext\":\"\",\"required\":true,\"choices\":[{\"display_name\":\"Yes\",\"value\":\"Yes\"},{\"display_name\":\" No\",\"value\":\" No\"}],\"$$hashKey\":\"object:54\"},{\"id\":83,\"field_name\":\"\",\"is_field_integrated_with_applicant\":false,\"field_type\":\"textarea\",\"field_label\":\"If you answered YES to any of the questions above, please explain\",\"field_choices\":\"\",\"helptext\":\"Copies of Evaluations, IEP\u2019s and 504\u2019s must be provided to the school after submitting application.\",\"required\":false,\"$$hashKey\":\"object:55\"}],\"$$hashKey\":\"009\",\"help_text\":\"Learning and Medical Profile (the information you provide is confidential)\"},{\"name\":\"Family Information\",\"id\":2,\"fields\":[{\"id\":84,\"field_name\":\"\",\"is_field_integrated_with_applicant\":false,\"field_type\":\"input\",\"field_label\":\"Number of Adults Living In Household\",\"field_choices\":\"\",\"helptext\":\"please enter a valid number\",\"required\":true,\"$$hashKey\":\"object:56\"},{\"id\":85,\"field_name\":\"\",\"is_field_integrated_with_applicant\":false,\"field_type\":\"input\",\"field_label\":\"Number of Children Living in Household\",\"field_choices\":\"\",\"helptext\":\"Please enter a valid number\",\"required\":true,\"$$hashKey\":\"object:57\"},{\"id\":87,\"field_name\":\"\",\"is_field_integrated_with_applicant\":false,\"field_type\":\"emergency_contact\",\"field_label\":\"Parent/Guardian 1\",\"field_choices\":\"\",\"helptext\":\"\",\"required\":true,\"$$hashKey\":\"object:59\"},{\"id\":99,\"field_name\":\"\",\"is_field_integrated_with_applicant\":false,\"field_type\":\"emergency_contact\",\"field_label\":\"Is Parent/Guardian 2\",\"field_choices\":\"Yes, No\",\"helptext\":\"\",\"required\":false,\"choices\":[{\"display_name\":\"Yes\",\"value\":\"Yes\"},{\"display_name\":\" No\",\"value\":\" No\"}],\"$$hashKey\":\"object:71\"}],\"$$hashKey\":\"00C\"},{\"name\":\"Preliminary Financial Aid Form\",\"id\":3,\"fields\":[{\"id\":109,\"field_name\":\"\",\"is_field_integrated_with_applicant\":false,\"field_type\":\"multiple\",\"field_label\":\"Did you file your IRS Income Tax?\",\"field_choices\":\"Yes, No\",\"helptext\":\"If no, please explain below\",\"required\":true,\"choices\":[{\"display_name\":\"Yes\",\"value\":\"Yes\"},{\"display_name\":\" No\",\"value\":\" No\"}],\"$$hashKey\":\"object:81\"},{\"id\":110,\"field_name\":\"\",\"is_field_integrated_with_applicant\":false,\"field_type\":\"textarea\",\"field_label\":\"If you answered \\\"No\\\" to \\\"Did you file your IRS Income TAX\\\" above, please explain here\",\"field_choices\":\"\",\"helptext\":\"\",\"required\":false,\"$$hashKey\":\"object:82\"},{\"id\":111,\"field_name\":\"\",\"is_field_integrated_with_applicant\":false,\"field_type\":\"multiple\",\"field_label\":\"Tax Reporting Filing Status\",\"field_choices\":\"Married, Married Filing Separate, Head of Household, Single, Widow(er)\",\"helptext\":\"\",\"required\":true,\"choices\":[{\"display_name\":\"Married\",\"value\":\"Married\"},{\"display_name\":\" Married Filing Separate\",\"value\":\" Married Filing Separate\"},{\"display_name\":\" Head of Household\",\"value\":\" Head of Household\"},{\"display_name\":\" Single\",\"value\":\" Single\"},{\"display_name\":\" Widow(er)\",\"value\":\" Widow(er)\"}],\"$$hashKey\":\"object:83\"},{\"id\":112,\"field_name\":\"\",\"is_field_integrated_with_applicant\":false,\"field_type\":\"textarea\",\"field_label\":\"A. If applicable, please describe any special circumstances that affect the family\u2019s financial situation in the text box below\",\"field_choices\":\"\",\"helptext\":\"\",\"required\":false,\"$$hashKey\":\"object:84\"},{\"id\":113,\"field_name\":\"total_income\",\"is_field_integrated_with_applicant\":true,\"field_type\":\"input\",\"field_label\":\"B.  What is the \u201cAdjusted Gross Income\u201d of the household\u2019s most recent federal tax returns?\",\"field_choices\":null,\"helptext\":\"Please enter a number with no commas or \\\"$\\\" symbol\",\"required\":false,\"$$hashKey\":\"object:85\"},{\"id\":114,\"field_name\":\"\",\"is_field_integrated_with_applicant\":false,\"field_type\":\"input\",\"field_label\":\"C.  If filing separately, what is the second custodial parent\u2019s \u201cAdjusted Gross Income\u201d?\",\"field_choices\":\"\",\"helptext\":\"\",\"required\":false,\"$$hashKey\":\"object:86\"},{\"id\":115,\"field_name\":\"\",\"is_field_integrated_with_applicant\":false,\"field_type\":\"input\",\"field_label\":\"D. What is the total household monthly amount received for: Social Security Benefits (SSI, etc.)\",\"field_choices\":\"\",\"helptext\":\"\",\"required\":false,\"$$hashKey\":\"object:87\"},{\"id\":116,\"field_name\":\"\",\"is_field_integrated_with_applicant\":false,\"field_type\":\"input\",\"field_label\":\"D. What is the total household monthly amount received for: Pension Income?\",\"field_choices\":\"\",\"helptext\":\"\",\"required\":false,\"$$hashKey\":\"object:88\"},{\"id\":117,\"field_name\":\"\",\"is_field_integrated_with_applicant\":false,\"field_type\":\"input\",\"field_label\":\"D. What Is The Total Household Monthly Amount Received For: Welfar/TANF?\",\"field_choices\":\"\",\"helptext\":\"\",\"required\":false,\"$$hashKey\":\"object:89\"},{\"id\":118,\"field_name\":\"\",\"is_field_integrated_with_applicant\":false,\"field_type\":\"input\",\"field_label\":\"D. What Is The Total Household Monthly Amount Received For: Child Support?\",\"field_choices\":\"\",\"helptext\":\"\",\"required\":false,\"$$hashKey\":\"object:90\"},{\"id\":119,\"field_name\":\"\",\"is_field_integrated_with_applicant\":false,\"field_type\":\"input\",\"field_label\":\"D. What Is The Total Household Monthly Amount Received For: Food Stamps?\",\"field_choices\":\"\",\"helptext\":\"\",\"required\":false,\"$$hashKey\":\"object:91\"},{\"id\":120,\"field_name\":\"\",\"is_field_integrated_with_applicant\":false,\"field_type\":\"input\",\"field_label\":\"D. What Is The Total Household Monthly Amount Received For: Worker's Compensation?\",\"field_choices\":\"\",\"helptext\":\"\",\"required\":false,\"$$hashKey\":\"object:92\"},{\"id\":121,\"field_name\":\"\",\"is_field_integrated_with_applicant\":false,\"field_type\":\"input\",\"field_label\":\"D. What Is The Total Household Monthly Amount Received For: Disability Income?\",\"field_choices\":\"\",\"helptext\":\"\",\"required\":false,\"$$hashKey\":\"object:93\"},{\"id\":123,\"field_name\":\"\",\"is_field_integrated_with_applicant\":false,\"field_type\":\"multiple\",\"field_label\":\"Do you rent or own your home?\",\"field_choices\":\"Rent, Own\",\"helptext\":\"\",\"required\":false,\"choices\":[{\"display_name\":\"Rent\",\"value\":\"Rent\"},{\"display_name\":\" Own\",\"value\":\" Own\"}],\"$$hashKey\":\"object:95\"},{\"id\":124,\"field_name\":\"\",\"is_field_integrated_with_applicant\":false,\"field_type\":\"input\",\"field_label\":\"What is your monthly rent or mortgage payment?\",\"field_choices\":\"\",\"helptext\":\"\",\"required\":false,\"$$hashKey\":\"object:96\"},{\"id\":125,\"field_name\":\"\",\"is_field_integrated_with_applicant\":false,\"field_type\":\"multiple\",\"field_label\":\"Are you paying tuition for any other children?\",\"field_choices\":\"Yes, No\",\"helptext\":\"\",\"required\":false,\"choices\":[{\"display_name\":\"Yes\",\"value\":\"Yes\"},{\"display_name\":\" No\",\"value\":\" No\"}],\"$$hashKey\":\"object:97\"},{\"id\":126,\"field_name\":\"\",\"is_field_integrated_with_applicant\":false,\"field_type\":\"multiple\",\"field_label\":\"E. Is your child currently receiving or does he or she qualify for a free or reduced lunch?\",\"field_choices\":\"Yes, No\",\"helptext\":\"\",\"required\":false,\"choices\":[{\"display_name\":\"Yes\",\"value\":\"Yes\"},{\"display_name\":\" No\",\"value\":\" No\"}],\"$$hashKey\":\"object:98\"},{\"id\":127,\"field_name\":\"\",\"is_field_integrated_with_applicant\":false,\"field_type\":\"multiple\",\"field_label\":\"F. Does your child receive any scholarship assistance in middle school that will continue in high school?\",\"field_choices\":\"Yes, No\",\"helptext\":\"\",\"required\":false,\"choices\":[{\"display_name\":\"Yes\",\"value\":\"Yes\"},{\"display_name\":\" No\",\"value\":\" No\"}],\"$$hashKey\":\"object:99\"},{\"id\":128,\"field_name\":\"\",\"is_field_integrated_with_applicant\":false,\"field_type\":\"input\",\"field_label\":\"If you answered yes to \\\"Does your child receive any scholarship assistance in middle school that will continue in high school?\\\", please list scholarship name and amount\",\"field_choices\":\"\",\"helptext\":\"\",\"required\":false,\"$$hashKey\":\"object:100\"}],\"$$hashKey\":\"00F\",\"help_text\":\"To be completed by custodial parent or guardian who is financially responsible for the student, please include a copy of your W-2, Most recent Income Taxes (1040 form with all its schedules \u2013no state taxes information), and award letters, if you receive state aid.\\n\\nUsing the information from your previous year\u2019s federal income tax forms, please complete the following\"},{\"name\":\"Parent/Guardian Questionnaire\",\"id\":4,\"fields\":[{\"id\":129,\"field_name\":\"\",\"is_field_integrated_with_applicant\":false,\"field_type\":\"textarea\",\"field_label\":\"Why do you want your son or daughter to attend Cristo Rey Atlanta Jesuit High School?\",\"field_choices\":\"\",\"helptext\":\"\",\"required\":true,\"$$hashKey\":\"object:101\"},{\"id\":130,\"field_name\":\"\",\"is_field_integrated_with_applicant\":false,\"field_type\":\"textarea\",\"field_label\":\"Why do you believe he or she would do well here?\",\"field_choices\":\"\",\"helptext\":\"\",\"required\":true,\"$$hashKey\":\"object:102\"}],\"$$hashKey\":\"00I\"}]}", 
    "id": 1, 
    "name": "Default Application Template", 
    "is_default": true
}